{"cameraMode":{"drawMode":0,"name":"Shaded","section":"Shading Mode"},"sceneLighting":false,"audioPlay":false,"sceneViewState":{"showFog":true,"showMaterialUpdate":false,"showSkybox":true,"showFlares":true,"showImageEffects":true,"showParticleSystems":true},"in2DMode":false,"pivot":{"x":69.61143493652344,"y":-23.365461349487306,"z":12.16357707977295},"rotation":{"x":0.1353713870048523,"y":0.6584873199462891,"z":-0.12207698076963425,"w":0.7301901578903198},"size":90.62702178955078,"orthographic":false}